BIL,NEGERI,MUKIM/DAERAH,Nama,LATITUD,LONGITUD,,,,
1,Terengganu,Besut,Pulau Teku Burung,5.958369444,102.6690944,,,,
2,Terengganu,Besut,Pulau Susu Dara,5.958863889,102.6646472,,,,
3,Terengganu,Besut,Pulau Tokong Kemudi,5.962272222,102.6768889,,,,
4,Terengganu,Besut,Pulau Tokong Kemudi Barat,5.960957036,102.6549482,,,,
5,Terengganu,Besut,Pulau Dara Kechil (Pulau Dara Kecil),5.962619444,102.6666056,,,,
6,Terengganu,Besut,Pulau Ru,5.830405556,102.61215,,,,
7,Terengganu,Besut,Pulau Perhentian Kecil,5.905036111,102.7250306,,,,
8,Terengganu,Besut,Pulau Serenggeh,5.942486111,102.66785,,,,
9,Terengganu,Besut,Pulau Rawa,5.961594444,102.6826889,,,,
10,Terengganu,Besut,Pulau Perhentian Besar,5.904433333,102.7543806,,,,
11,Terengganu,Dungun,Pulau Tokong Burung,4.864105556,103.6611444,,,,
12,Terengganu,Dungun,Pulau Nyirih,4.845033333,103.6646417,,,,
13,Terengganu,Dungun,Pulau Serai,4.7816,103.4070556,,,,
14,Terengganu,Dungun,Pulau Tengku Jaafar,4.781266667,103.4212583,,,,
15,Terengganu,Dungun,Pulau Tenggul,4.805075,103.6809806,,,,
16,Terengganu,Kuala Terengganu,Pulau Che Long,5.341683333,103.1264944,,,,
17,Terengganu,Kuala Terengganu,Pulau Pak Kub (pulau Che Hassan),5.340080556,103.123175,,,,
18,Terengganu,Kuala Terengganu,Pulau Wau,5.301866667,103.0884722,,,,
19,Terengganu,Kuala Terengganu,Pulau Che Yok,5.338191667,103.1210806,,,,
20,Terengganu,Kuala Terengganu,Pulau Tok Hakim (Pulau Wan Ali),5.335919444,103.1221806,,,,
21,Terengganu,Kuala Terengganu,Pulau Tengah (Pulau Panjang),5.331422222,103.1201167,,,,
22,Terengganu,Kuala Terengganu,Pulau Duyung Besar,5.331394444,103.12395,,,,
23,Terengganu,Kuala Terengganu,Pulau Besar (Pulau Raja),5.332277778,103.1175111,,,,
24,Terengganu,Kuala Terengganu,Pulau Wan Man,5.321638889,103.1167611,,,,
25,Terengganu,Kuala Terengganu,Pulau Sekati,5.321088889,103.0974,,,,
26,Terengganu,Kuala Terengganu,Pulau Pasir,5.329347222,103.1281833,,,,
27,Terengganu,Kuala Terengganu,Pulau Pak Mat (Pulau Pak Mat Lebai),5.323258333,103.1075917,,,,
28,Terengganu,Kuala Terengganu,Pulau Warisan,5.335888889,103.13325,,,,
29,Terengganu,Marang,Pulau Gumia (Pulau Sunita),5.233669444,103.2631278,,,,
30,Terengganu,Marang,Pulau Kapas (Pulau Kerengga),5.221380556,103.2655417,,,,
31,Terengganu,Setiu,Pulau Pauh,5.638833333,102.7677444,,,,
32,Terengganu,Setiu,Pulau Wan Mamat,5.642958333,102.765,,,,
33,Terengganu,Setiu,Pulau Karah (Pulau Kapak),5.597825,103.0642639,,,,
34,Terengganu,Setiu,Pulau Bidung Laut,5.620375,103.0633111,,,,
35,Terengganu,Setiu,Pulau Geluk,5.657402778,103.0686917,,,,
36,Terengganu,Setiu,Pulau Tengkorak,5.667722222,103.0714,,,,
37,Terengganu,Setiu,Pulau Yu Besar,5.641344444,103.1518389,,,,
38,Terengganu,Setiu,Pulau Yu Kecil,5.624041667,103.1604194,,,,
39,Terengganu,Setiu,Pulau Ling (Pulau Che Por),5.734,103.0194889,,,,
40,Terengganu,Setiu,Pulau Ekor Tebu,5.738105556,103.0299361,,,,
41,Terengganu,Setiu,Pulau Kerengga Besar,5.753097222,103.028875,,,,
42,Terengganu,Setiu,Pulau Paku Besar,5.778133333,103.0419583,,,,
43,Terengganu,Setiu,Pulau Paku Kecil,5.772286111,103.0388111,,,,
44,Terengganu,Setiu,Pulau Limau,5.773808333,103.0602389,,,,
45,Terengganu,Setiu,Pulau Pinang,5.7397,103.0017222,,,,
46,Terengganu,Setiu,Pulau Redang,5.793563889,103.0036417,,,,
47,Terengganu,Setiu,Pulau Cipu,5.677658333,102.8241194,,,,
48,Terengganu,Setiu,Pulau Lang Tengah,5.793105556,102.895025,,,,
49,Terengganu,Setiu,Pulau Che Selamah,5.594752778,102.7980056,,,,
50,Terengganu,Setiu,Pulau Tok Bilal,5.625497222,102.78525,,,,
51,Terengganu,Setiu,Pulau Layat,5.69715,102.6941444,,,,
52,Terengganu,Setiu,Pulau Tok Ba,5.634083333,102.77215,,,,
53,Terengganu,Setiu,Pulau Ubi,5.646238889,102.7539472,,,,
54,Terengganu,Setiu,Pulau Ru,5.642811111,102.7671583,,,,
55,Terengganu,Setiu,Pulau Mat Gendut,5.641144444,102.7656944,,,,
56,Terengganu,Setiu,Pulau Gemia,5.642811111,102.7671583,,,,
57,Terengganu,Setiu,Pulau Sutung,5.651241667,102.7534722,,,,
58,Terengganu,Setiu,Pulau Tok Haji,5.662194444,102.7328083,,,,
59,Terengganu,Setiu,Pulau Busung,5.6661,102.7309972,,,,
60,Terengganu,Setiu,Pulau Besar (Pulau Raja),5.670716667,102.7245556,,,,
61,Terengganu,Setiu,Pulau Che Hamid,5.673816667,102.7204944,,,,
62,Terengganu,Setiu,Pulau Wan Embong,5.677530556,102.7140389,,,,
63,Terengganu,Setiu,Pulau Che Him,5.682558333,102.7092028,,,,
64,Terengganu,Setiu,Pulau Semut,5.683813889,102.7070861,,,,
65,Terengganu,Setiu,Pulau Telaga Tujuh,5.693869444,102.6980417,,,,
66,Terengganu,Setiu,Pulau Wan Mamat,5.642958333,102.765,,,,
67,Terengganu,Setiu,Pulau Kerengga Kecil,5.758127778,103.0300667,,,,
68,Terengganu,Setiu,Pulau Dua,5.685583333,102.7080556,,,,
69,Terengganu,Setiu, Pulau Kecil,5.668361111,102.7284444,,,,
70,Terengganu,Setiu,Pulau Kerengga,5.621472222,102.7924167,,,,
71,Terengganu,Setiu,Pulau Mak Chik Pah,5.625222222,102.7862222,,,,
72,Terengganu,Setiu,Pulau Pak Ting,5.656722222,102.7393333,,,,
73,Terengganu,Kuala Terengganu,Pulau Pasir Takir,5.343222222,103.1259722,,,,
74,Terengganu,Kuala Terengganu,Pulau Wan Embong,5.338416667,103.1288333,,,,
75,Terengganu,Kuala Terengganu,Pulau Duyung Kecil,5.33925,103.1285,,,,
76,Terengganu,Kuala Terengganu,Pulau Tuan Ngah,5.334361111,103.11875,,,,
77,Terengganu,Kuala Terengganu,Pulau Ungku Aziz,5.318166667,103.0980417,,,,
78,Johor,Mersing,Pulau Babi Besar,2.441636111,103.9830389,,,,
79,Johor,Mersing,Pulau Babi Tengah,2.478355556,103.9612889,,,,
80,Johor,Mersing,Pulau Babi Hujong,2.493341667,103.952125,,,,
81,Johor,Mersing,Pulau Gual,2.535838889,103.9696694,,,,
82,Johor,Mersing,Pulau Mensirip,2.550597222,103.9598417,,,,
83,Johor,Mersing,Pulau Harimau,2.561122222,103.9454528,,,,
84,Johor,Mersing,Pulau Setindan,2.48035,103.8471306,,,,
85,Johor,Mersing,Pulau Batu Gajah,2.492202778,103.8558389,,,,
86,Johor,Mersing,Pulau Aur,2.449813889,104.5215472,,,,
87,Johor,Mersing,Pulau Pinang,2.436858333,104.5495583,,,,
88,Johor,Mersing,Pulau Lang,2.459038889,104.4892056,,,,
89,Johor,Mersing,Pulau Dayang,2.476502778,104.5023222,,,,
90,Johor,Mersing,Pulau Pemanggil,2.582527778,104.3273611,,,,
91,Johor,Mersing,Pulau Tinggi,2.302972222,104.1182833,,,,
92,Johor,Mersing,Pulau Apil,2.279661111,104.1253306,,,,
93,Johor,Mersing,Pulau Mentigi,2.272775,104.1171,,,,
94,Johor,Mersing,Pulau Nangka Besar,2.270291667,104.127675,,,,
95,Johor,Mersing,Pulau Nangka Kechil,2.271944444,104.1225694,,,,
96,Johor,Mersing,Pulau Simbang,2.26615,104.1514361,,,,
97,Johor,Mersing,Pulau Lanting,2.272666667,104.1535833,,,,
98,Johor,Mersing,Pulau Ibol,2.306219444,104.1490111,,,,
99,Johor,Mersing,Pulau Penyembang,2.305686111,104.1439806,,,,
100,Johor,Mersing,Pulau Perigi Cina,2.640138889,103.7444611,,,,
101,Johor,Mersing,Pulau Lalang,2.651827778,103.7129278,,,,
102,Johor,Mersing,Pulau Sibu,2.225697222,104.0640083,,,,
103,Johor,Mersing,Pulau Sibu Tengah,2.187816667,104.1010333,,,,
104,Johor,Mersing,Pulau Sibu Kukus,2.181513889,104.1105278,,,,
105,Johor,Mersing,Pulau Sibu Hujong,2.173394444,104.1140972,,,,
106,Johor,Mersing,Pulau Papan,2.189727778,104.0950139,,,,
107,Johor,Mersing,Pulau Tokong Sanggol,2.224769444,104.1351778,,,,
108,Johor,Mersing,Pulau Lima Kecil,2.224088889,104.1476528,,,,
109,Johor,Mersing,Pulau Lima Besar,2.219691667,104.1507833,,,,
110,Johor,Mersing,Pulau Tokong Raket,2.217169444,104.1603694,,,,
111,Johor,Mersing,Pulau Tokong Yu,2.124080556,104.2473778,,,,
112,Johor,Mersing,Pulau Mawar,2.618022222,103.7840194,,,,
113,Johor,Mersing,Pulau Lalang,2.566938889,103.8272583,,,,
114,Johor,Mersing,Pulau Pelandok,2.652986111,103.7494,,,,
115,Johor,Mersing,Pulau Ayam,2.645791667,103.7468389,,,,
116,Johor,Mersing,Pulau Kerengga,2.225708333,103.9595528,,,,
117,Johor,Mersing,Pulau Gurong ( Di Atas Pulau Harimau),2.566527778,103.94825,,,,
118,Johor,Mersing,Pulau Lilang,2.196258333,103.969925,,,,
119,Johor,Mersing,Pulau Belanak,2.350522222,103.9175056,,,,
120,Johor,Mersing,Pulau Achi (Pulau Mertang Barat),2.654666667,103.88,,,,
121,Johor,Mersing,Pulau Mertang (Pulau Mertang Tengah),2.6515,103.8835,,,,
122,Johor,Mersing,Pulau Mertang Timur,2.645166667,103.8883333,,,,
123,Johor,Mersing,Pulau Kerengga (Mukim Penyabong),2.623,103.7646667,,,,
124,Johor,Mersing,Pulau Rawa,2.520666667,103.975,,,,
125,Johor,Batu Pahat,Pulau Sialu,1.788658333,102.8839694,,,,
126,Johor,Kota Tinggi,Pulau Malang Berendam,1.359363889,104.1056433,,,,
127,Johor,Kota Tinggi,Pulau Chumbun,1.408691667,104.1007444,,,,
128,Johor,Kota Tinggi,Pulau Tagal,1.925272222,104.1177389,,,,
129,Johor,Kota Tinggi,Pulau Lima,1.365552778,104.2923556,,,,
130,Johor,Kota Tinggi,Pulau Geruda,1.378619444,104.3000861,,,,
131,Johor,Kota Tinggi,Pulau Besar,1.372491667,104.2941111,,,,
132,Johor,Kota Tinggi,Pulau Peak (Peak Rock),1.372688889,104.3114944,,,,
133,Johor,Kota Tinggi,Pulau Pemanggil,1.361425,104.2980222,,,,
134,Johor,Kota Tinggi,Pulau Che Kamat,1.352083333,104.2346444,,,,
135,Johor,Kota Tinggi,Pulau Malang Berdaun,1.357430556,104.0965472,,,,
136,Johor,Kota Tinggi,Pulau Malang Siajar,1.425819444,104.0843056,,,,
137,Johor,Pontian,Pulau Tunda,1.470233333,103.2356444,,,,
138,Johor,Pontian,Pulau Pisang,1.470997222,103.2555111,,,,
139,Johor,Pontian,Pulau Kukup,1.323630556,103.4246889,,,,
140,Johor,Pontian,Pulau Kemudi,1.468744444,103.2382389,,,,
141,Johor,Pontian,Pulau Sauh,1.472877778,103.2688167,,,,
142,Johor,Johor Bharu,Pulau Merambong,1.315544444,103.6098806,,,,
143,Johor,Johor Bharu,Pulau Nenas,1.427711111,104.9773917,,,,
144,Johor,Johor Bharu,Pulau Juling,1.526166667,104.0076667,,,,
145,Johor,Johor Bharu,Pulau Layang,1.589433333,103.9808333,,,,
146,Johor,Johor Bharu,Pulau Kayu Anak Kecil,1.647222222,103.9480556,,,,
147,Johor,Johor Bharu,Pulau Kayu Anak Besar,1.64165,103.9580917,,,,
148,Kedah,Langkawi,Pulau Tanjung Dendang,6.414883333,99.91449194,,,,
149,Kedah,Langkawi,Pulau Gua,6.466161111,99.82316667,,,,
150,Kedah,Langkawi,Pulau Kelam Baya,6.460580556,99.81885,,,,
151,Kedah,Langkawi,Pulau Chabang Besar,6.459269444,99.81880556,,,,
152,Kedah,Langkawi,Pulau Pasir,6.454522222,99.79574722,,,,
153,Kedah,Langkawi,Pulau Gasing,6.455163889,99.78976944,,,,
154,Kedah,Langkawi,Pulau Dangli,6.449233333,99.77766389,,,,
155,Kedah,Langkawi,Pulau Rebak Besar,6.296933333,99.69634167,,,,
156,Kedah,Langkawi,Pulau Rebak Kechil/ Pulau Rebak Kecil,6.29325,99.70941944,,,,
157,Kedah,Langkawi,Pulau Tepor,6.267680556,99.71818056,,,,
158,Kedah,Langkawi,Pulau Ular,6.258252778,99.74283056,,,,
159,Kedah,Langkawi,Pulau Selang,6.252569444,99.74421111,,,,
160,Kedah,Langkawi,Pulau Lalang,6.264263889,99.75653333,,,,
161,Kedah,Langkawi,Pulau Jerkom Besar,6.256255556,99.7714,,,,
162,Kedah,Langkawi,Pulau Jerkom Kechil/ Pulau Jerkom Kecil,6.251008333,99.78208333,,,,
163,Kedah,Langkawi,Pulau Bumbon Besar,6.286508333,99.86384722,,,,
164,Kedah,Langkawi,Pulau Bumbon Kechil,6.276569444,99.87015278,,,,
165,Kedah,Langkawi,Pulau Kerai,6.292847222,99.86869444,,,,
166,Kedah,Langkawi,Pulau Tanggok Kechil,6.273366667,99.873925,,,,
167,Kedah,Langkawi,Pulau Tanggok Besar,6.270211111,99.87912222,,,,
168,Kedah,Langkawi,Pulau Tiloi,6.266736111,99.88513889,,,,
169,Kedah,Langkawi,Pulau Kedera,6.305930556,99.89074167,,,,
170,Kedah,Langkawi,Pulau Timun,6.313652778,99.91354444,,,,
171,Kedah,Langkawi,Pulau Paku,6.307402778,99.93255556,,,,
172,Kedah,Langkawi,Pulau Chorong,6.314844444,99.93958333,,,,
173,Kedah,Langkawi,Pulau Beras Basah,6.2245,99.71628611,,,,
174,Kedah,Langkawi,Pulau Singa Besar,6.204788889,99.73329167,,,,
175,Kedah,Langkawi,Pulau Chupu,6.173622222,99.73140833,,,,
176,Kedah,Langkawi,Pulau Jong,6.223019444,99.75714722,,,,
177,Kedah,Langkawi,Pulau Dayang Bunting,6.233211111,99.79998889,,,,
178,Kedah,Langkawi,Pulau Tuba,6.242161111,99.84187222,,,,
179,Kedah,Langkawi,Pulau Batu Merah,6.213197222,99.76386389,,,,
180,Kedah,Langkawi,Pulau Kukus,6.207575,99.76783056,,,,
181,Kedah,Langkawi,Pulau Simpang Tiga Besar,6.222591667,99.76708611,,,,
182,Kedah,Langkawi,Pulau Gubang Darat,6.187602778,99.78333333,,,,
183,Kedah,Langkawi,Pulau Gubang Laut,6.179069444,99.77873889,,,,
184,Kedah,Langkawi,Pulau Teluk Tongkang (Pengesahan Kedah),6.199336111,99.830375,,,,
185,Kedah,Langkawi,Pulau Sipak,6.212413889,99.834575,,,,
186,Kedah,Langkawi,Pulau Selang Besar,6.210505556,99.86155833,,,,
187,Kedah,Langkawi,Pulau Nyior Setali Darat (Pengesahan Kedah),6.238644444,99.87271111,,,,
188,Kedah,Langkawi,Pulau Nyior Setali Laut (Pengesahan Kedah),6.235569444,99.87228611,,,,
189,Kedah,Langkawi,Pulau Enggang,6.244111111,99.87603889,,,,
190,Kedah,Langkawi,Pulau Batu Punggah,6.260211111,99.85483333,,,,
191,Kedah,Langkawi,Pulau Lintang Jalan,6.265369444,99.85570833,,,,
192,Kedah,Langkawi,Pulau Langkawi,6.362205556,99.79403611,,,,
193,Kedah,Langkawi,Tukun Babau Kechil,6.273794444,99.71109167,,,,
194,Kedah,Langkawi,Anak Pulau Berangan,6.424547222,99.90585,,,,
195,Kedah,Langkawi,Pulau Anak Tikus,6.412877778,99.90588056,,,,
196,Kedah,Langkawi,Pulau Teluk Akar (Pengesahan Kedah),6.182252778,99.79523889,,,,
197,Kedah,Langkawi,Pulau Peluru,6.421613889,99.88276111,,,,
198,Kedah,Langkawi,Pulau Tanggok,6.48785,99.876775,,,,
199,Kedah,Langkawi,Pulau Anak Kilim,6.433333333,99.86677778,,,,
200,Kedah,Langkawi,Pulau Chempuli,6.437555556,99.85610833,,,,
201,Kedah,Langkawi,Pulau Teluk Jong,6.456811111,99.8543,,,,
202,Kedah,Langkawi,Pulau Anak Gua Cherita,6.468363889,99.84991667,,,,
203,Kedah,Langkawi,Pulau Lenggoon (Upen),6.432705556,99.89283889,,,,
204,Kedah,Langkawi,Pulau Belibis (Upen),6.463277778,99.82371111,,,,
205,Kedah,Langkawi,Pulau Jemuruk (Upen),6.431361111,99.74337222,,,,
206,Kedah,Langkawi,Anak Pulau Datai,6.436544444,99.673675,,,,
207,Kedah,Langkawi,Pulau Burau (Upen),6.359461111,99.67108611,,,,
208,Kedah,Langkawi,Pulau Selat Senari (Upen),6.293372222,99.70481389,,,,
209,Kedah,Langkawi,Pulau Tekong Baba (Upen),6.275638889,99.70972222,,,,
210,Kedah,Langkawi,Pulau Ipoh,6.283394444,99.77769444,,,,
211,Kedah,Langkawi,Pulau Buyung (Upen),6.276072222,99.89534722,,,,
212,Kedah,Langkawi,Pulau Teluk Dedap (Pengesahan Kedah),6.472144444,99.83431667,,,,
213,Kedah,Langkawi,Pulau Intan Kechil (Pulau Kentut Kechil),6.243311111,99.71283889,,,,
214,Kedah,Langkawi,Pulau Intan Besar (Pulau Kentut Besar),6.242197222,99.72119167,,,,
215,Kedah,Langkawi,Pulau Singa Kechil,6.232041667,99.74871944,,,,
216,Kedah,Langkawi,Pulau Simpang Tiga Kechil,6.2224,99.76725278,,,,
217,Kedah,Langkawi,Pulau Cak Perling (Pengesahan Kedah),6.421797222,99.91152778,,,,
218,Kedah,Langkawi,Pulau Tajai (Upen),6.173161111,99.78569167,,,,
219,Kedah,Langkawi,Pulau Ujong Buloh (Upen),6.164352778,99.81375,,,,
220,Kedah,Langkawi,Pulau Duyong,6.206822222,99.83164167,,,,
221,Kedah,Langkawi,Pulau Selang Kechil/Pulau Selang Kecil,6.216547222,99.86226389,,,,
222,Kedah,Langkawi,Pulau Penarak (Pengesahan Kedah),6.305541667,99.867925,,,,
223,Kedah,Langkawi,Pulau Rapang (Pengesahan Kedah),6.322430556,99.89680556,,,,
224,Kedah,Langkawi,Pulau Pasir,6.244772222,99.869275,,,,
225,Kedah,Langkawi,Pulau Selat Riang-Riang,6.167283333,99.81162222,,,,
226,Kedah,Langkawi,Pulau Lima,6.194027778,99.84215833,,,,
227,Kedah,Langkawi,Pulau Panji-Panji (Pengesahan Kedah),6.190361111,99.84322222,,,,
228,Kedah,Langkawi,Pulau Tanjung Tok Keramat (Pengesahan Kedah),6.193991667,99.84503611,,,,
229,Kedah,Langkawi,Pulau Kapal (Pengesahan Kedah),6.192086111,99.84144444,,,,
230,Kedah,Langkawi,Pulau Kapal (Pengesahan Kedah),6.420513889,99.88667778,,,,
231,Kedah,Langkawi,Pulau Sigai (Pengesahan Kedah),6.325319444,99.92647778,,,,
232,Kedah,Langkawi,Pulau Ayam Laut (Pengesahan Kedah),6.201808333,99.83265833,,,,
233,Kedah,Langkawi,Pulau Ayam Darat (Pengesahan Kedah),6.201902778,99.83190278,,,,
234,Kedah,Langkawi,Pulau Tak Berumput (Pengesahan Kedah),6.265922222,99.78219722,,,,
235,Kedah,Langkawi,Pulau Seratus (Pengesahan Kedah),6.361175,99.67575556,,,,
236,Kedah,Langkawi,Pulau Seratus Satu (Pengesahan Kedah),6.361225,99.67986389,,,,
237,Kedah,Langkawi,Pulau Teluk Nipah Besar (Pengesahan Kedah),6.308333333,99.90833333,,,,
238,Kedah,Langkawi,Pulau Perta (Pengesahan Kedah),6.328297222,99.9099,,,,
239,Kedah,Langkawi,Pulau Tulang Hantu (Pengesahan Kedah),6.329063889,99.91123333,,,,
240,Kedah,Langkawi,Pulau Teluk Senai (Pengesahan Kedah),6.331172222,99.91283333,,,,
241,Kedah,Langkawi,Anak Pulau Puchong (Pengesahan Kedah),6.166666667,99.77638889,,,,
242,Kedah,Langkawi,Pulau Puchong Laut (Pengesahan Kedah),6.165644444,99.77557222,,,,
243,Kedah,Langkawi,Pulau Puchong,6.170127778,99.77593333,,,,
244,Kedah,Langkawi,Pulau Perak,5.694161111,98.93738333,,,,
245,Kedah,Langkawi,Pulau Bunting,5.878108333,100.3272667,,,,
246,Kedah,Langkawi,Pulau Bidan,5.744666667,100.2877028,,,,
247,Kedah,Langkawi,Pulau Telor,5.769330556,100.2863833,,,,
248,Kedah,Langkawi,Pulau Songsong,5.809352778,100.2953167,,,,
249,Kedah,Langkawi,Pulau Tukun Terendak,5.799169444,100.2804194,,,,
250,Kedah,Langkawi,Pulau Segantang A,6.041166667,99.92666667,,,,
251,Kedah,Langkawi,Pulau Segantang B,6.040686111,99.92471389,,,,
252,Kedah,Langkawi,Pulau Kacha (Upen),6.071555556,100.0522139,,,,
253,Kedah,Langkawi,Pulau Paya (Upen),6.059808333,100.0411111,,,,
254,Kedah,Langkawi,Pulau Lembu,6.071308333,100.0573833,,,,
255,Kedah,Langkawi,Pulau Sayak,5.660611111,100.3295889,,,,
256,Kedah,Langkawi,Pulau Kerengga,6.29815,99.87676389,,,,
257,Kedah,Langkawi,Pulau Chupak,6.297794444,99.88077222,,,,
258,Kedah,Langkawi,Pulau Lading,6.301472222,99.88546667,,,,
259,Kedah,Langkawi,Pulau Balar,6.159377778,99.79503611,,,,
260,Kedah,Langkawi,Pulau Batang,6.161258333,99.80086944,,,,
261,Kedah,Langkawi,Pulau Dua Darat,6.189222222,99.83405556,,,,
262,Kedah,Langkawi,Pulau Dua Laut,6.188222222,99.83675,,,,
263,Kedah,Langkawi,Anak Pulau Dua,6.18915,99.837325,,,,
264,Kedah,Langkawi,Pulau Ketumbu,6.166122222,99.77883056,,,,
265,Kelantan,Tumpat,Pulau Tengkorak,6.234408333,102.0971528,,,,
266,Kelantan,Tumpat,Pulau Che Tahir,6.198572222,102.1869056,,,,
267,Kelantan,Tumpat,Pulau Rulah,6.198572222,102.1869056,,,,
268,Kelantan,Tumpat,Pulau Gagak,6.199744444,102.2021472,,,,
269,Kelantan,Tumpat,Pulau Tok Fakir,6.199744444,102.2021472,,,,
270,Kelantan,Tumpat,Pulau Besar,6.192786111,102.2060639,,,,
271,Kelantan,Tumpat,Pulau Haji Nik Mat @ Pulau Seratus,6.203827778,102.2147361,,,,
272,Kelantan,Tumpat,Pulau Beluru,6.203827778,102.2147361,,,,
273,Kelantan,Tumpat,Pulau Renjuna,6.200294444,102.2269417,,,,
274,Kelantan,Tumpat,Pulau Suri,6.214686111,102.2125417,,,,
275,Kelantan,Tumpat,Pulau Raja Muda,6.189838889,102.2306556,,,,
276,Kelantan,Tumpat,Pulau Kuala Udang,6.212222222,102.1669444,,,,
277,Kelantan,Tumpat,Pulau Mas,6.213333333,102.1719444,,,,
278,Kelantan,Kota Bharu,Pulau Dollah,6.207655556,102.2310056,,,,
279,Kelantan,Kota Bharu,Pulau Pantai Kuda,6.215091667,102.2289,,,,
280,Kelantan,Kota Bharu,Pulau Gajah,6.154444444,102.3319444,,,,
281,Kelantan,Kota Bharu,Pulau Seratus,6.134166667,102.3141667,,,,
282,Kelantan,Kota Bharu,Pulau Pisang,6.192711111,102.2644028,,,,
283,Kelantan,Kota Bharu,Pulau Kundur,6.197347222,102.2567306,,,,
284,Kelantan,Kota Bharu,Pulau Haji Nik Hab,6.196725,102.2635194,,,,
285,Kelantan,Kota Bharu,Pulau Ekor Gajah,6.192347222,102.2587639,,,,
286,Kelantan,Kota Bharu,Pulau Batang,6.193208333,102.2515722,,,,
287,Kelantan,Kota Bharu,Pulau Panjang,6.181102778,102.2971528,,,,
288,Kelantan,Kota Bharu,Pulau Pasir,6.188061111,102.2717722,,,,
289,Kelantan,Kota Bharu,Pulau Earrer,6.123611111,102.3002778,,,,
290,Kelantan,Kota Bharu,Pulau Che Nor,6.185555556,102.295,,,,
291,Kelantan,Kota Bharu,Pulau Pak Amat,6.183611111,102.3008889,,,,
292,Kelantan,Kota Bharu,Pulau Tukang Dollah,6.178888889,102.305,,,,
293,Kelantan,Kota Bharu,Pulau Pelesit,6.181666667,102.3127778,,,,
294,Kelantan,Kota Bharu,Pulau Bernal/Pulau Datok,6.166111111,102.3402778,,,,
295,Kelantan,Kota Bharu,Pulau Layak,6.161111111,102.3375,,,,
296,Kelantan,Kota Bharu,Pulau Dato' Mufti,6.198333333,102.2694444,,,,
297,Kelantan,Kota Bharu,Pulau Kambing,6.1603925,102.2401086,,,,
298,Kelantan,Kota Bharu,Pulau Gorek,6.186027778,102.29575,,,,
299,Kelantan,Kota Bharu,Pulau Pegama,6.195555556,102.2661111,,,,
300,Kelantan,Tumpat,Pulau Ular,6.22775,102.0836944,,,,
301,Kelantan,Tumpat,Pulau Bedar,6.21,102.1713889,,,,
302,Kelantan,Tumpat,Pulau Layang-Layang,6.208944444,102.1715556,,,,
303,Kelantan,Tumpat,Pulau Timun,6.214972222,102.1929722,,,,
304,Labuan,WP Labuan,Pulau Labuan,5.313611111,115.2224167,,,,
305,Labuan,WP Labuan,Pulau Daat,5.275611111,115.313875,,,,
306,Labuan,WP Labuan,Pulau Rusukan Besar,5.187630556,122.1641667,,,,
307,Labuan,WP Labuan,Pulau Karaman,5.226427778,115.1283028,,,,
308,Labuan,WP Labuan,Pulau Rusukan Kechil,5.201144444,115.1467806,,,,
309,Labuan,WP Labuan,Pulau Papan,5.253488889,115.2699861,,,,
310,Labuan,WP Labuan,Pulau Burong,5.237558333,115.1910167,,,,
311,Labuan,WP Labuan,Pulau Layang-Layang,7.375055556,113.8296111,,,,
312,Melaka,Alor Gajah/Port Dickson,Pulau Intan,2.40275,101.8512778,,,,
313,Melaka,Alor Gajah/Port Dickson,Pulau Masjid,2.408305556,101.859225,,,,
314,Melaka,Alor Gajah,Pulau Konet,2.344166667,102.0438611,,,,
315,Melaka,Melaka Tengah,Pulau Upeh,2.192775,102.2031556,,,,
316,Melaka,Melaka Tengah,Pulau Panjang,2.160841667,102.2600194,,,,
317,Melaka,Melaka Tengah,Pulau Menatang,2.151802778,102.3177306,,,,
318,Melaka,Melaka Tengah,Pulau Jawa,2.17975,102.2513778,,,,
319,Melaka,Melaka Tengah,Pulau Dodol,2.082366667,102.3320611,,,,
320,Melaka,Melaka Tengah,Pulau Hanyut,2.079305556,102.3052694,,,,
321,Melaka,Melaka Tengah,Pulau Nangka,2.073855556,102.3340583,,,,
322,Melaka,Melaka Tengah,Pulau Besar,2.113972222,102.3279667,,,,
323,Melaka,Melaka Tengah,Pulau Serimbun,2.120991667,102.3150361,,,,
324,Melaka,Melaka Tengah,Pulau Lalang,2.11615,102.3406944,,,,
325,Melaka,Melaka Tengah,Pulau Undan,2.048091667,102.3337472,,,,
326,Melaka,Jasin,Pulau Burung,2.128830556,102.3585889,,,,
327,Melaka,Jasin,Pulau Anak Burung,2.126213889,102.3491361,,,,
328,Negeri Sembilan,Port Dickson,Pulau Arang-Arang,2.515777778,101.7905833,,,,
329,Negeri Sembilan,Port Dickson,Pulau Burung Batu 2,2.547055556,101.7856389,,,,
330,Negeri Sembilan,Port Dickson,Pulau Burong,2.492166667,101.8274444,,,,
331,Negeri Sembilan,Port Dickson,Pulau Bagan Pinang,2.507825,101.8263056,,,,
332,Negeri Sembilan,Port Dickson,Pulau Payong,2.414055556,101.897,,,,
333,Negeri Sembilan,Port Dickson,Pulau Pelandok,2.417222222,101.8840556,,,,
334,Negeri Sembilan,Port Dickson,Pulau Mengkudu,2.42125,101.9180278,,,,
335,Negeri Sembilan,Port Dickson,Pulaui Tikus,2.421666667,101.9233056,,,,
336,Negeri Sembilan,Port Dickson,Pulau Terumbu,2.464138889,101.8406667,,,,
337,Negeri Sembilan,Port Dickson,Pulau Asam,2.421361111,101.9103333,,,,
338,Pahang,Pekan,Pulau Berhala,3.24495,103.6564833,,,,
339,Pahang,Pekan,Pulau Berembang,3.513336111,103.4583889,,,,
340,Pahang,Pekan,Pulau Syed Hassan,3.519091667,103.4690917,,,,
341,Pahang,Pekan,Pulau Kerengga,3.515747222,103.4464944,,,,
342,Pahang,Pekan,Pulau Ular,3.515611111,103.4422389,,,,
343,Pahang,Pekan,Pulau Beruas,3.515361111,103.4358056,,,,
344,Pahang,Pekan,Pulau Lima Besar,3.509897222,103.4530278,,,,
345,Pahang,Rompin,Pulau Jahat,2.66305,104.1662861,,,,
346,Pahang,Rompin,Pulau Tokong Bahara,2.662461111,104.06345,,,,
347,Pahang,Rompin,Pulau Sembilang,2.696025,103.88605,,,,
348,Pahang,Rompin,Pulau Seri Buat,2.678608333,103.9186944,,,,
349,Pahang,Rompin,Pulau Tioman,2.769036111,104.1538611,,,,
350,Pahang,Rompin,Pulau Tulai Candang,2.909786111,104.1081694,,,,
351,Pahang,Rompin,Pulau Rengis,2.808577778,104.1349778,,,,
352,Pahang,Rompin,Pulau Labas,2.888111111,104.0660472,,,,
353,Pahang,Rompin,Pulau Sepoi,2.897108333,104.0508056,,,,
354,Pahang,Rompin,Pulau Ceben,2.930666667,104.0986,,,,
355,Pahang,Rompin,Pulau Tasu,2.695713889,103.9292889,,,,
356,Pahang,Rompin,Pula Uraja,2.6846,103.902775,,,,
357,Pahang,Rompin,Pulau Tokong Burung Tengah,2.779691667,103.96105,,,,
358,Pahang,Rompin,Pulau Tokong Burung Condong,2.778275,103.9593111,,,,
359,Pahang,Rompin,Pulau Tokong Burung Besar,2.782433333,103.9600806,,,,
360,Pahang,Rompin,Pulau Tengah,2.664466667,103.7517972,,,,
361,Pahang,Rompin,Pulau Aceh,2.670411111,103.7693972,,,,
362,Pahang,Rompin,Pulau Tunus,2.685388889,103.7495111,,,,
363,Pahang,Rompin,Pulau Layak,2.698416667,103.7358056,,,,
364,Pahang,Rompin,Pulau Ducung Darat,2.748263889,103.5621167,,,,
365,Pahang,Rompin,Pulau Ducung Laut,2.75555,103.5594444,,,,
366,Pahang,Rompin,Pulau Soyak,2.875472222,104.1475278,,,,
367,Pahang,Rompin,Pulau Tumok,2.791611111,104.1207222,,,,
368,Pahang,Kuantan,Pulau Lang,4.054972222,103.4098056,,,,
369,Pahang,Kuantan,Pulau Ular,4.055972222,103.408,,,,
370,Perak,Manjung,Pulau Nyamuk,4.061166667,100.5753611,,,,
371,Perak,Manjung,Pulau Nipis,4.058388889,100.5414722,,,,
372,Perak,Manjung,Pulau Rumbia,4.029166667,100.5481944,,,,
373,Perak,Manjung,Pulau Saga,4.007916667,100.5350833,,,,
374,Perak,Manjung,Pulau Lalang,4.005083333,100.5463333,,,,
375,Perak,Manjung,Pulau Boloh,3.995444444,100.5326944,,,,
376,Perak,Manjung,Pulau Jarak,3.977583333,100.0970833,,,,
377,Perak,Manjung,Pulau Landak,4.19575,100.5796389,,,,
378,Perak,Manjung,Pulau Agas,4.073822222,100.5849889,,,,
379,Perak,Manjung,Pulau Tukun Perak,4.127416667,100.5601111,,,,
380,Perak,Manjung,Pulau Simpan,4.207472222,100.5458611,,,,
381,Perak,Manjung,Pulau Anak Pelanduk,4.267194444,100.53575,,,,
382,Perak,Manjung,Pulau Mentagor,4.228972222,100.5331667,,,,
383,Perak,Manjung,Pulau Pangkor,4.228333333,100.55725,,,,
384,Perak,Manjung,Pulau Pangkor Laut,4.191805556,100.5431944,,,,
385,Perak,Manjung,Pulau Talang,4.420305556,100.5756944,,,,
386,Perak,Manjung,Pulau Giam,4.236083333,100.54025,,,,
387,Perak,Manjung,Pulau Katak,4.156611111,100.6192222,,,,
388,Perak,Manjung,Pulau Tukun Terindak,4.272111111,100.53325,,,,
389,Perak,Manjung,Pulau Pelandok,4.267361111,100.5408056,,,,
390,Perak,Manjung,Pulau Dua Besar,4.186166667,100.5373333,,,,
391,Perak,Manjung,Pulau Rusa,4.067388889,100.5783056,,,,
392,Perak,Manjung,Pulau Dua Kecil,4.185638889,100.5395833,,,,
393,Perak,Manjung,Pulau Lalang,4.011416667,100.5435556,,,,
394,Perak,Manjung,Pulau Payung,4.010916667,100.53525,,,,
395,Perak,Larut & Matang,Pulau Terung,4.706805556,100.6043611,,,,
396,Perak,Larut & Matang,Pulau Pasir Hitam,4.599833333,100.6186944,,,,
397,Perak,Larut & Matang,Pulau Sangga Kechil,4.842861111,100.5675556,,,,
398,Perak,Larut & Matang,Pulau Sangga Besar,4.8105,100.59575,,,,
399,Perak,Kerian,Pulau Gula,4.9245,100.4992778,,,,
400,Perak,Kerian,Pulau Kelumpang,4.891,100.5051111,,,,
401,Perak,Kerian,Pulau Selinsing,4.876138889,100.5788333,,,,
402,Perlis,Kayang,Batu Layang,6.3395,100.1415,,,,
403,Pulau Pinang,Barat Daya,Pulau Pinang,5.385183056,100.2516311,,,,
404,Pulau Pinang,Barat Daya,Pulau Jerejak,5.321577778,100.3179861,,,,
405,Pulau Pinang,Barat Daya,Pulau Rimau,5.247833333,100.2729722,,,,
406,Pulau Pinang,Barat Daya,Pulau Kendi,5.232194444,100.179,,,,
407,Pulau Pinang,Barat Daya,Pulau Betong,5.315861111,100.18375,,,,
408,Pulau Pinang,Barat Daya,Pulau Betung Kecil,5.314808333,100.1858611,,,,
409,Pulau Pinang,Timur Laut,Pulau Asmara,5.467738889,100.23535,,,,
410,Pulau Pinang,Timur Laut,Pulau Tikus,5.476361111,100.2972222,,,,
411,Pulau Pinang,Timur Laut,Pulau Asrama,5.364347222,100.3262833,,,,
412,Pulau Pinang,Seberang Perai Selatan,Pulau Betong Kecil,5.278972222,100.3878056,,,,
413,Pulau Pinang,Seberang Perai Selatan,Pulau Aman,5.264833333,100.3897222,,,,
414,Pulau Pinang,Seberang Perai Selatan,Pulau Bakau,5.262355556,100.4063083,,,,
415,Selangor,Klang,Pulau Ketam,3.035803056,101.2492339,,,,
416,Selangor,Klang,Pulau Tengah,2.994373611,101.2373889,,,,
417,Selangor,Klang,Pulau Selat Kering,2.943684444,101.2441056,,,,
418,Selangor,Klang,Pulau Pintu Gedong,2.916969444,101.2459633,,,,
419,Selangor,Klang,Pulau Che Mat Zin,2.943899722,101.2785739,,,,
420,Selangor,Klang,Pulau Mahang,2.971683333,101.2902753,,,,
421,Selangor,Klang,Pulau Klang,3.015452222,101.3045444,,,,
422,Selangor,Klang,Pulau Indah,2.944411111,101.3290872,,,,
423,Selangor,Klang,Pulau Tonggok,2.976161111,101.3761833,,,,
424,Selangor,Klang,Pulau Rusa,3.016697222,101.2685633,,,,
425,Selangor,Klang,Pulau Selat Meriam,2.962411111,101.2760806,,,,
426,Selangor,Kuala Langat,Pulau Carey,2.870972222,101.3661111,,,,
427,Selangor,Kuala Selangor,Pulau Anak Angsa,3.225285,101.2758278,,,,
428,Selangor,Kuala Selangor,Pulau Besar,3.223333333,101.2762222,,,,
429,Selangor,Kuala Selangor,Pulau Jemor,3.217416667,101.2821389,,,,
430,Selangor,Kuala Selangor,Pulau Selatan,3.184,101.2184167,,,,
431,Selangor,Kuala Selangor,Pulau Terukor,3.203333333,101.2738889,,,,
432,Selangor,Kuala Selangor,Pulau Angsa,3.186333333,101.2175,,,,
433,Sarawak,Kuching,Pulau Talang-Talang Besar,1.9167,109.7780111,,,,
434,Sarawak,Kuching,Pulau Talang-Talang Kecil,1.892808333,109.7687222,,,,
435,Sarawak,Kuching,Pulau Sampadi,1.734247222,110.0897056,,,,
436,Sarawak,Kuching,Pulau Lakei,1.670413889,110.2954167,,,,
437,Sarawak,Kuching,Pulau Salak,1.783569444,110.1650306,,,,
438,Sarawak,Kuching,Pulau Satang Besar,1.757811111,110.1658361,,,,
439,Sarawak,Kuching,Pulau Satang kecil,1.753072222,110.1909222,,,,
440,Sarawak,Kuching,Pulau Tukong Ara,1.733786111,110.1916528,,,,
441,Sarawak,Kuching,Pulau Tukong Banun,1.973205556,109.6710972,,,,
442,Sarawak,Kuching,Pulau Gador,1.961388889,109.6554111,,,,
443,Sarawak,Kuching,Pulau Datu,1.681347222,110.2885083,,,,
444,Sarawak,Kuching,Pulau Kalasah,1.793155556,109.7924694,,,,
445,Sarawak,Kuching,Pulau Perongan,1.703844444,110.3057694,,,,
446,Sarawak,Kuching,Pulau Kera,1.750177778,110.4958333,,,,
447,Sarawak,Kuching,Pulau Badar,1.936169444,109.6566778,,,,
448,Sarawak,Kuching,Pulau Kerengga Kecil,1.945461111,109.65785,,,,
449,Sarawak,Kuching,Pulau Kerengga Besar,1.938786111,109.6573917,,,,
450,Sarawak,Kuching,Pulau Kerah,1.984266667,109.6647389,,,,
451,Sarawak,Kuching,Pulau Burong,1.737425,109.8700417,,,,
452,Sarawak,Kuching,Pulau Pancur,1.683327778,110.422475,,,,
453,Sarawak,Kuching,Pulau Tg Rhu,1.984266667,109.6647389,,,,
454,Sarawak,Kuching,Pulau Teluk Nibong,1.737425,109.8700417,,,,
455,Sarawak,Kuching,Pulau Teluk Mengkuang,1.683327778,110.422475,,,,
456,Sarawak,Samarahan,Pulau Burong,1.636369444,110.8051139,,,,
457,Sarawak,Betong,Pulau Triso,1.519483333,110.9855222,,,,
458,Sarawak,Mukah,Pulau Bruit,2.632672222,111.322775,,,,
459,Sarawak,Mukah,Pulau Patok,2.750591667,111.3952639,,,,
460,Sarawak,Limbang,Pulau Limpaku Pinang,4.867716667,114.9969194,,,,
461,Sarawak,Limbang,Pulau Umpul-Umpul,4.849822222,115.0051528,,,,
462,Sarawak,Limbang,Pulau Jai-Jai,4.845544444,114.9874111,,,,
463,Sarawak,Limbang,Pulau Alang Damit,4.987694444,115.1896389,,,,
464,Sarawak,Limbang,Pulau Alang,4.959311111,115.18545,,,,
465,Sarawak,Limbang,Pulau Alang Besar,4.968138889,115.185,,,,
466,Sarawak,Limbang,Pulau Kenawai Besar,4.967,115.1905,,,,
467,Sarawak,Limbang,Pulau Kenawai Damit,4.968083333,115.1946389,,,,
468,Sarawak,Limbang,Pulau Kenawai Baru,4.968555556,115.2049167,,,,
469,Sarawak,Limbang,Pulau Gusu,4.990608333,115.1861167,,,,
470,Sarawak,Limbang,Pulau Langari,4.915277778,115.2373056,,,,
471,Sarawak,Limbang,Pulau Payau,4.914138889,115.2397778,,,,
472,Sarawak,Limbang,Pulau Bumbun,4.920555556,115.24575,,,,
473,Sarawak,Limbang,Pulau Paluan,4.920416667,115.2469444,,,,
474,Sarawak,Limbang,Pulau Lengari,4.919225,115.2496944,,,,
475,Sarawak,Limbang,Pulau Pelait Kecil,4.914166667,115.2770833,,,,
476,Sarawak,Limbang,Pulau Perapat,4.906833333,115.2948611,,,,
477,Sarawak,Limbang,Pulau Perapat Siang-Siang,4.90825,115.3238889,,,,
478,Sarawak,Limbang,Pulau Menggoreng,4.89225,115.3280833,,,,
479,Sabah,Kuala Penyu,Pulau Tanah Panggal,5.313888889,115.3844444,,,,
480,Sabah,Kuala Penyu,Pulau Sinuan,5.304555239,115.3801126,,,,
481,Sabah,Kuala Penyu,Pulau Lumbidan,5.388895378,115.3587321,,,,
482,Sabah,Kuala Penyu,Pulau Malankassan,5.283884003,115.3552218,,,,
483,Sabah,Kuala Penyu,Pulau Balangkasan 1,5.288400433,115.3515747,,,,
484,Sabah,Kuala Penyu,Pulau Balangkasan,5.285186931,115.3527725,,,,
485,Sabah,Kuala Penyu,Pulau Tiga,5.726111111,115.6494444,,,,
486,Sabah,Kuala Penyu,Pulau Kalampunian Besar,5.750833333,115.6741667,,,,
487,Sabah,Papar,Pulau Dinawan,5.846944444,115.9905556,,,,
488,Sabah,Papar,Pulau Layang,5.776155439,115.8888683,,,,
489,Sabah,Papar,Pulau Ampak Ampak,5.834702534,116.0068746,,,,
490,Sabah,Papar,Pulau Dinawan Kecil,5.843247538,115.9889568,,,,
491,Sabah,Papar,Pulau Mantukud,5.837777778,116.0127778,,,,
492,Sabah,Kota Kinabalu,Pulau Sepangar,6.0675,116.0727778,,,,
493,Sabah,Kota Kinabalu,Pulau Peduk,5.813333333,118.1552778,,,,
494,Sabah,Kota Kinabalu,Pulau Manukan,5.975696053,116.0018862,,,,
495,Sabah,Kota Kinabalu,Pulau Sulug,5.959662506,115.9929404,,,,
496,Sabah,Kota Kinabalu,Pulau Mamutik,5.96661267,116.0137221,,,,
497,Sabah,Kota Kinabalu,Pulau Sapi (Sinjatan),6.009264979,116.0056989,,,,
498,Sabah,Kota Kinabalu,Pulau Plompang,6.013294013,116.0701029,,,,
499,Sabah,Kota Kinabalu,Pulau Udar Besar,6.079694239,116.0882171,,,,
500,Sabah,Kota Kinabalu,Pulau Peduk,6.087269459,116.0962682,,,,
501,Sabah,Kota Kinabalu,Pulau Udar Kecil,6.084444444,116.0936111,,,,
502,Sabah,Kota Kinabalu,Pulau Mabgalum,6.201111111,115.5938889,,,,
503,Sabah,Kota Kinabalu,Pulau Gaya,6.019166667,116.0272222,,,,
504,Sabah,Kota Belud,Pulau Mantanani Besar,6.711944444,116.3505556,,,,
505,Sabah,Kota Belud,Pulau Egot,6.306727747,116.30978,,,,
506,Sabah,Kota Belud,Pulau Pandan Pandan,6.350871218,116.308951,,,,
507,Sabah,Kota Belud,Pulau Usukan,6.396638204,116.3352848,,,,
508,Sabah,Kota Belud,Pulau Keramat,6.537118303,116.4932183,,,,
509,Sabah,Kota Belud,Pulau Mantanani Kecil,6.709444444,116.3119444,,,,
510,Sabah,Kota Belud,Pulau Lungisan,6.715833333,116.3358333,,,,
511,Sabah,Kudat,Pulau Tanjung Tiga Papan,7.010833333,116.7280556,,,,
512,Sabah,Kudat,Pulau Kalampunian,7.048055556,116.7494444,,,,
513,Sabah,Kudat,Pulau Limau Limawan,6.823611111,116.8658333,,,,
514,Sabah,Kudat,Pulau Balambangan,7.266666667,116.9333333,,,,
515,Sabah,Kudat,Pulau Kalutan,7.205555556,116.8438889,,,,
516,Sabah,Kudat,Pulau Molleangan Kecil,7.075277778,117.0269444,,,,
517,Sabah,Kudat,Pulau Molleangan Besar,7.085833333,117.05,,,,
518,Sabah,Kudat,Pulau Patanunam,7.104166667,117.0905556,,,,
519,Sabah,Kudat,Pulau Pagassan,7.129166667,117.1002778,,,,
520,Sabah,Kudat,Pulau Laksiang,7.164166667,117.1536111,,,,
521,Sabah,Kudat,Pulau Panukaran,7.1625,117.1730556,,,,
522,Sabah,Kudat,Pulau Bankawan,7.227222222,117.3047222,,,,
523,Sabah,Kudat,Pulau Bilang Bilangan Kechil,7.201944444,117.3252778,,,,
524,Sabah,Kudat,Pulau Latoan,7.267222222,117.3397222,,,,
525,Sabah,Kudat,Pulau Tagajawan,7.296666667,117.2916667,,,,
526,Sabah,Kudat,Pulau Sungur,7.235555556,117.3372222,,,,
527,Sabah,Kudat,Pulau Malundang Kechil,7.321666667,117.3205556,,,,
528,Sabah,Kudat,Pulau Malundagan Besar,7.336111111,117.3297222,,,,
529,Sabah,Kudat,Pulau Kankamat,7.341944444,117.3519444,,,,
530,Sabah,Kudat,Pulau Daunan,7.365555556,117.2025,,,,
531,Sabah,Kudat,Pulau Tiga,7.341111111,117.0480556,,,,
532,Sabah,Kudat,Pulau Guhuan Selatan,7.369722222,117.3277778,,,,
533,Sabah,Kudat,Pulau Mandidarah,6.930833333,117.3325,,,,
534,Sabah,Kudat,Pulau Malawali,7.051944444,117.3058333,,,,
535,Sabah,Kudat,Pulau Silk,6.977777778,117.1988889,,,,
536,Sabah,Kudat,Pulau Tigabu,6.890555556,117.4716667,,,,
537,Sabah,Kudat,Pulau Straggler,7.09,117.4761111,,,,
538,Sabah,Kudat,Pulau Tambulian,6.973055556,117.46,,,,
539,Sabah,Kudat,Pulau Buwaning,6.978888889,117.4961111,,,,
540,Sabah,Kudat,Pulau Tibakan,6.935833333,117.4652778,,,,
541,Sabah,Kudat,Pulau Merigi,6.6675,117.2955556,,,,
542,Sabah,Kudat,Pulau Musa,6.83,117.2705556,,,,
543,Sabah,Kudat,Pulau Sinamgil,6.808055556,117.2588889,,,,
544,Sabah,Kudat,Pulau Bush,6.794166667,117.3175,,,,
545,Sabah,Kudat,Pulau Kalangaan,6.779722222,117.5027778,,,,
546,Sabah,Kudat,Pulau Batu Putih,6.871388889,116.7966667,,,,
547,Sabah,Kudat,Pulau Lingkutan,7.197222222,117.3336111,,,,
548,Sabah,Kudat,Pulau Natron,7.275833333,117.2861111,,,,
549,Sabah,Kudat,Pulau Asan,7.280833333,117.2888889,,,,
550,Sabah,Kudat,Pulau Saripatal,7.279722222,117.2916667,,,,
551,Sabah,Kudat,Pulau Arshad,7.300277778,117.2813889,,,,
552,Sabah,Kudat,Pulau Halun,7.259444444,117.3133333,,,,
553,Sabah,Kudat,Pulau Dicky,7.262222222,117.3097222,,,,
554,Sabah,Kudat,Pulau Patawan,7.316548952,117.314538,,,,
555,Sabah,Kudat,Pulau Kambul 1,7.237735464,117.2890227,,,,
556,Sabah,Kudat,Pulau Tapukan,7.07511171,117.3121075,,,,
557,Sabah,Kudat,Pulau Sibongor Laut,7.225840596,117.3294662,,,,
558,Sabah,Kudat,Pulau Silad,6.65166912,116.571331,,,,
559,Sabah,Kudat,Pulau Batu Laya Laya,6.699926896,116.6289816,,,,
560,Sabah,Kudat,Pulau Kadir,7.285412124,117.2834221,,,,
561,Sabah,Kudat,Pulau Tagas Kecil,7.277896586,117.2625087,,,,
562,Sabah,Kudat,Pulau Tagas Besar,7.277214324,117.2612897,,,,
563,Sabah,Kudat,Pulau Naz,7.2640555,117.302433,,,,
564,Sabah,Kudat,Pulau Nat,7.259831872,117.3058119,,,,
565,Sabah,Kudat,Pulau Manulah,7.23795703,117.2800761,,,,
566,Sabah,Kudat,Pulau Kambal 1,7.236206331,117.2863218,,,,
567,Sabah,Kudat,Pulau Meruntum,5.873562117,116.0474126,,,,
568,Sabah,Kudat,Pulau Maligu,7.21375181,117.2422856,,,,
569,Sabah,Kudat,Pulau Puru Puru,6.856243436,116.858596,,,,
570,Sabah,Kudat,Pulau Meriangan,7.073264672,117.0215334,,,,
571,Sabah,Kudat,Pulau Lipang Kecil,7.079732206,117.0203545,,,,
572,Sabah,Kudat,Pulau Pak Diki,7.088192698,117.0364335,,,,
573,Sabah,Kudat,Pulau Lipang,7.087555867,117.0323098,,,,
574,Sabah,Kudat,Pulau Pak Diki Kecil,7.086718551,117.0306104,,,,
575,Sabah,Kudat,Pulau Patanunam Kecil,7.09928993,117.0881586,,,,
576,Sabah,Kudat,Pulau Balak,7.141885116,117.1372493,,,,
577,Sabah,Kudat,Pulau Sauyan,7.183478733,117.2020616,,,,
578,Sabah,Kudat,Pulau Madusian Kecil,7.179234059,117.214005,,,,
579,Sabah,Kudat,Pulau Tanjung Perak,7.184775709,117.2267208,,,,
580,Sabah,Kudat,Pulau Kukuban,6.930117648,117.4064097,,,,
581,Sabah,Kudat,Pulau Lok Manovali,7.074800914,117.313029,,,,
582,Sabah,Kudat,Pulau Hutan Rimba,7.070746584,117.300574,,,,
583,Sabah,Kudat,Pulau Tanjung,7.082642879,117.2768227,,,,
584,Sabah,Kudat,Pulau Mati,7.072920956,117.2598941,,,,
585,Sabah,Kudat,Pulau Lingisan,6.970472039,117.2665567,,,,
586,Sabah,Kudat,Pulau Landayang,6.805645483,117.3517712,,,,
587,Sabah,Kudat,Pulau Mabahok,6.784262955,117.458121,,,,
588,Sabah,Kudat,Pulau Banggi,7.245258333,117.1520806,,,,
589,Sabah,Kota Marudu,Pulau Bintongan,6.580833333,116.7605556,,,,
590,Sabah,Kota Marudu,Pulau Jumat,6.602752764,116.7586453,,,,
591,Sabah,Kota Marudu,Pulau Tanjung Bandau (Totong Sepi),6.587519935,116.76288,,,,
592,Sabah,Kota Marudu,Pulau Sisid,6.576231363,116.7840834,,,,
593,Sabah,Kota Marudu,Pulau Bingkawat,6.575386067,116.7865886,,,,
594,Sabah,Kota Marudu,Pulau Muara Tandek,6.576081193,116.8225039,,,,
595,Sabah,Kota Marudu,Pulau Serampangan,6.575117839,116.8264969,,,,
596,Sabah,Kota Marudu,Pulau Muara Ongkilan,6.563746343,116.8122551,,,,
597,Sabah,Kota Marudu,Pulau Bongon,6.567704673,116.7998191,,,,
598,Sabah,Kota Marudu,Pulau Tokong Soko,6.608507955,116.8593512,,,,
599,Sabah,Kota Marudu,Pulau Muara Bongan,6.563602951,116.7975532,,,,
600,Sabah,Kota Marudu,Pulau Bodi Serampangan,6.565377584,116.8265484,,,,
601,Sabah,Kota Marudu,Pulau Muara Tambun,6.581388889,116.7647222,,,,
602,Sabah,Kota Marudu,Pulau Terusan,6.582222222,116.7713889,,,,
603,Sabah,Beluran,Pulau Tiga Puluh,6.603888889,117.4011111,,,,
604,Sabah,Beluran,Pulau Lankayan,6.507222222,117.9177778,,,,
605,Sabah,Beluran,Pulau Bankuran,6.530555556,117.6880556,,,,
606,Sabah,Beluran,Pulau Tegipil,6.550277778,117.7186111,,,,
607,Sabah,Beluran,Pulau Linkabo,6.025277778,117.7125,,,,
608,Sabah,Beluran,Pulau Tetabuan,6.016666667,117.7002778,,,,
609,Sabah,Beluran,Pulau Kanawi,5.989166667,117.7008333,,,,
610,Sabah,Beluran,Pulau Billean,6.612222222,117.7675,,,,
611,Sabah,Beluran,Pulau Puru-Puru,6.243888889,117.7266667,,,,
612,Sabah,Beluran,Pulau Torongohok,6.043333333,117.6952778,,,,
613,Sabah,Beluran,Pulau Kaniogan,6.220277778,117.6472222,,,,
614,Sabah,Beluran,Pulau Panandawan,6.181388889,117.5966667,,,,
615,Sabah,Beluran,Pulau Gusong,6.037222222,117.7983333,,,,
616,Sabah,Beluran,Pulau Obor-Obor,6.036388889,117.815,,,,
617,Sabah,Beluran,Pulau Maidan Kecil,6.615833333,117.3258333,,,,
618,Sabah,Beluran,Pulau Kaindangan Kecil,6.6175,117.3577778,,,,
619,Sabah,Beluran,Pulau Kaindangan Darat,6.61,117.3619444,,,,
620,Sabah,Beluran,Pulau Kaindangan Besar,6.617222222,117.3536111,,,,
621,Sabah,Beluran,Pulau Maidan Dalam,6.564444444,117.3602778,,,,
622,Sabah,Beluran,Pulau Tataba Darat,6.607222222,117.3777778,,,,
623,Sabah,Beluran,Pulau Guntor Kecil,6.6275,117.3855556,,,,
624,Sabah,Beluran,Pulau Guntor Besar,6.628888889,117.3855556,,,,
625,Sabah,Beluran,Pulau Guntor Darat,6.628055556,117.3875,,,,
626,Sabah,Beluran,Pulau Guntor Dalam,6.628333333,117.3983333,,,,
627,Sabah,Beluran,Pulau Tangkunid Satu,6.561388889,117.4213889,,,,
628,Sabah,Beluran,Pulau Tangkunid Dua,6.560555556,117.4230556,,,,
629,Sabah,Beluran,Pulau Lidah Satu,6.558333333,117.4455556,,,,
630,Sabah,Beluran,Pulau Lidah Dua,6.556666667,117.4544444,,,,
631,Sabah,Beluran,Pulau Liapan,6.6875,117.4333333,,,,
632,Sabah,Beluran,Pulau Lingkabo Kecil,6.016944444,117.7155556,,,,
633,Sabah,Beluran,Pulau Tetabuan Kecil,6.019722222,117.7041667,,,,
634,Sabah,Beluran,Pulau Kanawi Kecil,6.017222222,117.7086111,,,,
635,Sabah,Beluran,Pulau Kanawi Darat,6.015,117.7083333,,,,
636,Sabah,Beluran,Pulau Penandawan Kecil,6.181666667,117.5966667,,,,
637,Sabah,Beluran,Pulau Kaindangan,6.618888889,117.3625,,,,
638,Sabah,Beluran,Pulau Jambongan,6.663529625,117.4493657,,,,
639,Sabah,Beluran,Pulau Mapat Satu,6.611386129,117.3042142,,,,
640,Sabah,Beluran,Pulau Mapat Dua,6.610394512,117.3047276,,,,
641,Sabah,Beluran,Pulau Mapat Tiga,6.610323682,117.3059255,,,,
642,Sabah,Beluran,Pulau Mapat Empat,6.610196188,117.3074087,,,,
643,Sabah,Beluran,Pulau Mapat Lima,6.608963746,117.3083071,,,,
644,Sabah,Beluran,Pulau Mapat,6.611003649,117.302945,,,,
645,Sabah,Beluran,Pulau Maidan,6.621812157,117.3183134,,,,
646,Sabah,Beluran,Pulau Tataba Darat Kecil,6.605454953,117.3789886,,,,
647,Sabah,Beluran,Pulau Panabukan,6.579166667,117.4019444,,,,
648,Sabah,Sandakan,Pulau Tikus,6.069444444,117.9633333,,,,
649,Sabah,Sandakan,Pulau Kawan,6.083055556,117.9980556,,,,
650,Sabah,Sandakan,Pulau Libaran,6.115555556,118.0211111,,,,
651,Sabah,Sandakan,Pulau Libaran 2,6.126666667,118.0266667,,,,
652,Sabah,Sandakan,Pulau Gulisaan,6.149166667,118.0527778,,,,
653,Sabah,Sandakan,Pulau Silingaan,6.175277778,118.0605556,,,,
654,Sabah,Sandakan,Pulau Bakkugaan Kecil,6.166666667,118.1097222,,,,
655,Sabah,Sandakan,Pulau Nunuyan Laut,5.92,118.1097222,,,,
656,Sabah,Sandakan,Pulau Nunuyan Darat,5.903611111,118.0991667,,,,
657,Sabah,Sandakan,Pulau Berhala,5.865,118.145,,,,
658,Sabah,Sandakan,Pulau Bai,5.773888889,118.1047222,,,,
659,Sabah,Sandakan,Pulau Palak,5.7725,118.085,,,,
660,Sabah,Sandakan,Pulau Sangai,5.756666667,118.0205556,,,,
661,Sabah,Sandakan,Pulau Tiong Kecil,5.781111111,118.0225,,,,
662,Sabah,Sandakan,Pulau Tiong Kecil 2,5.779444444,118.0233333,,,,
663,Sabah,Sandakan,Pulau Timbang,5.757777778,117.9744444,,,,
664,Sabah,Sandakan,Pulau Mangkalai Darat,5.766111111,117.9405556,,,,
665,Sabah,Sandakan,Pulau Pakil,5.75,117.8833333,,,,
666,Sabah,Sandakan,Pulau Tigowis,5.748333333,118.135,,,,
667,Sabah,Sandakan,Pulau Puru-Puru,5.746666667,117.9155556,,,,
668,Sabah,Sandakan,Pulau Keramuk,5.739166667,118.0933333,,,,
669,Sabah,Sandakan,Pulau Papahan,5.706666667,118.1316667,,,,
670,Sabah,Sandakan,Pulau Menangin Laut,6.033055556,117.9486111,,,,
671,Sabah,Sandakan,Pulau Banting Besar,6.019722222,117.9394444,,,,
672,Sabah,Sandakan,Pulau Menangin Kecil,6.026666667,117.9527778,,,,
673,Sabah,Sandakan,Pulau Menangin Besar,6.0275,117.9516667,,,,
674,Sabah,Sandakan,Pulau Semangat,5.788888889,118.1516667,,,,
675,Sabah,Sandakan,Pulau Keratang,5.819166667,117.9030556,,,,
676,Sabah,Sandakan,Pulau Paki Kecil,5.755833333,117.9255556,,,,
677,Sabah,Sandakan,Pulau Orang Tua,5.791666667,117.975,,,,
678,Sabah,Sandakan,Pulau Saleng,5.786388889,117.9902778,,,,
679,Sabah,Sandakan,Pulau Arang Laut,5.805833333,117.9758333,,,,
680,Sabah,Sandakan,Pulau Luku,5.804444444,117.9661111,,,,
681,Sabah,Sandakan,Pulau Pandan,5.806111111,117.9563889,,,,
682,Sabah,Sandakan,Pulau Buli,5.806388889,117.9575,,,,
683,Sabah,Sandakan,Pulau Pawang,5.775,117.9488889,,,,
684,Sabah,Sandakan,Pulau Rotan,5.761666667,117.875,,,,
685,Sabah,Sandakan,Pulau Bode Besar,5.765833333,117.905,,,,
686,Sabah,Sandakan,Pulau Lubukan Kecil,5.7275,118.1144444,,,,
687,Sabah,Sandakan,Pulau Silah,5.691666667,118.075,,,,
688,Sabah,Sandakan,Pulau Madang Kecil,5.706944444,118.1175,,,,
689,Sabah,Sandakan,Pulau Marapulut,5.683333333,118.1416667,,,,
690,Sabah,Sandakan,Pulau Silogong Kecil,5.725277778,118.1072222,,,,
691,Sabah,Sandakan,Pulau Pakil Kecil,5.475833333,118.8047222,,,,
692,Sabah,Sandakan,Pulau Pendaras,6.060366666,118.012665,,,,
693,Sabah,Sandakan,Pulau Banting Kecil,6.017101483,117.9355311,,,,
694,Sabah,Sandakan,Pulau Lubukan,5.72172674,118.1132172,,,,
695,Sabah,Sandakan,Pulau Silogong,5.722199731,118.1037695,,,,
696,Sabah,Sandakan,Pulau Sapagaya Kecil,5.709547089,118.0991941,,,,
697,Sabah,Sandakan,Pulau Madang,5.702925034,118.1166042,,,,
698,Sabah,Sandakan,Pulau Kabili,5.792806744,117.9152407,,,,
699,Sabah,Sandakan,Pulau Mangkalai Laut,5.735555436,117.9595165,,,,
700,Sabah,Sandakan,Pulau Duyung,5.813333333,118.1552778,,,,
701,Sabah,Sandakan,Pulau Masang,5.683588375,117.9415083,,,,
702,Sabah,Sandakan,Pulau Solok,5.925,117.6444444,,,,
703,Sabah,Lahad Datu,Pulau Evans,5.39,118.9272222,,,,
704,Sabah,Lahad Datu,Pulau Timur 1,5.233611111,119.2661111,,,,
705,Sabah,Lahad Datu,Pulau Timur 2,5.245,119.2597222,,,,
706,Sabah,Lahad Datu,Pulau Timur 3,4.966666667,118.3333333,,,,
707,Sabah,Lahad Datu,Pulau Kalungan,4.923611111,118.2669444,,,,
708,Sabah,Lahad Datu,Pulau Katung Kalungan,4.947222222,118.2541667,,,,
709,Sabah,Lahad Datu,Pulau Baik,4.940555556,118.2108333,,,,
710,Sabah,Lahad Datu,Pulau Saga,4.9375,118.2208333,,,,
711,Sabah,Lahad Datu,Pulau Saddle,4.928333333,118.2327778,,,,
712,Sabah,Lahad Datu,Pulau Laila,4.925833333,118.2022222,,,,
713,Sabah,Lahad Datu,Pulau Saranga,4.797222222,118.3844444,,,,
714,Sabah,Lahad Datu,Pulau Tabawan,4.763611111,118.3872222,,,,
715,Sabah,Lahad Datu,Pulau Tengah Kecil,4.981666667,118.3691667,,,,
716,Sabah,Lahad Datu,Pulau Tengah Besar,4.981111111,118.365,,,,
717,Sabah,Lahad Datu,Pulau Balundong,4.9925,118.3305556,,,,
718,Sabah,Lahad Datu,Pulau Panabag Besar,4.970277778,118.315,,,,
719,Sabah,Lahad Datu,Pulau Panabag,4.975,118.3183333,,,,
720,Sabah,Lahad Datu,Pulau Ambau,4.976944444,118.3116667,,,,
721,Sabah,Lahad Datu,Pulau Emas,4.969722222,118.2875,,,,
722,Sabah,Lahad Datu,Pulau Giung,4.966388889,118.2875,,,,
723,Sabah,Lahad Datu,Pulau Nunuk,4.9675,118.3075,,,,
724,Sabah,Lahad Datu,Pulau Pak Usop,4.949444444,118.3072222,,,,
725,Sabah,Lahad Datu,Pulau Buang Diri,4.950833333,118.3288889,,,,
726,Sabah,Lahad Datu,Pulau Parapat,4.967222222,118.2355556,,,,
727,Sabah,Lahad Datu,Pulau Malanta,4.932222222,118.2280556,,,,
728,Sabah,Lahad Datu,Pulau Anjan,4.923611111,118.24,,,,
729,Sabah,Lahad Datu,Pulau Kulungan Besar,4.925555556,118.2372222,,,,
730,Sabah,Lahad Datu,Pulau Kulungan Kecil,4.927222222,118.1969444,,,,
731,Sabah,Lahad Datu,Pulau Bud-Bud,4.910277778,118.1733333,,,,
732,Sabah,Lahad Datu,Pulau Malampayau Anak,4.903888889,118.1711111,,,,
733,Sabah,Lahad Datu,Pulau Malampayau,4.851944444,118.1272222,,,,
734,Sabah,Lahad Datu,Pulau Lumpur,4.838888889,118.1688889,,,,
735,Sabah,Lahad Datu,Pulau Labatan,5.451944444,119.1222222,,,,
736,Sabah,Lahad Datu,Pulau Tabun,4.927222222,118.1852778,,,,
737,Sabah,Lahad Datu,Pulau Sakar,4.972932788,118.3476764,,,,
738,Sabah,Lahad Datu,Pulau Pok Pok,4.990238173,118.3476544,,,,
739,Sabah,Lahad Datu,Pulau Sibadju,4.984880458,118.3181546,,,,
740,Sabah,Lahad Datu,Pulau Giam,4.988432159,118.3140546,,,,
741,Sabah,Lahad Datu,Pulau Keramat Giung,4.98168391,118.2908214,,,,
742,Sabah,Lahad Datu,Pulau Adjail,4.954378199,118.2988431,,,,
743,Sabah,Lahad Datu,Pulau Balani,4.953697422,118.296704,,,,
744,Sabah,Lahad Datu,Pulau Balani,4.950648719,118.2949214,,,,
745,Sabah,Lahad Datu,Pulau Buang Diri,4.948754372,118.3221952,,,,
746,Sabah,Lahad Datu,Pulau Pak Karim,4.948369582,118.3095387,,,,
747,Sabah,Lahad Datu,Pulau Kalungan,4.94638643,118.298754,,,,
748,Sabah,Lahad Datu,Pulau Tambisan,4.770277778,118.2358333,,,,
749,Sabah,Kunak Gugusan Pulau Bahayan,Pulau Tagabua,4.788888889,118.2908333,,,,
750,Sabah,Kunak Gugusan Pulau Bahayan,Pulau Tanah,4.803611111,118.3133333,,,,
751,Sabah,Kunak Gugusan Pulau Bahayan,Pulau Bohayan,4.786388889,118.3091667,,,,
752,Sabah,Kunak Gugusan Pulau Bahayan,Pulau Malundangan,4.773333333,118.3044444,,,,
753,Sabah,Kunak Gugusan Pulau Bahayan,Pulau Majinkil,4.765833333,118.3083333,,,,
754,Sabah,Kunak Gugusan Pulau Bahayan,Pulau Bakubang,4.736388889,118.2141667,,,,
755,Sabah,Kunak Gugusan Pulau Bahayan,Pulau Burong,4.7275,118.23,,,,
756,Sabah,Kunak Gugusan Pulau Bahayan,Pulau Marumpun,4.819166667,118.2797222,,,,
757,Sabah,Kunak Gugusan Pulau Bahayan,Pulau Maganting,4.7,118.4,,,,
758,Sabah,Semporna,Pulau Batik Kulambu,4.687777778,118.4194444,,,,
759,Sabah,Semporna,Pulau Batik Kulambu 2,4.713611111,118.4597222,,,,
760,Sabah,Semporna,Pulau Batik,4.680555556,118.54,,,,
761,Sabah,Semporna,Pulau Balusuan,4.662777778,118.5425,,,,
762,Sabah,Semporna,Pulau Tatangan-Tatangan,4.584444444,118.5194444,,,,
763,Sabah,Semporna,Pulau Mata Pahi,4.588888889,118.5155556,,,,
764,Sabah,Semporna,Pulau Mata Pahi 2,4.590555556,118.5058333,,,,
765,Sabah,Semporna,Pulau Mata Pahi 3,4.597222222,118.5208333,,,,
766,Sabah,Semporna,Pulau Mata Pahi 4,4.573333333,118.5022222,,,,
767,Sabah,Semporna,Pulau Selangan,4.593333333,118.4875,,,,
768,Sabah,Semporna,Pulau Puno-Puno,4.55,118.55,,,,
769,Sabah,Semporna,Pulau Bait,4.573888889,118.5791667,,,,
770,Sabah,Semporna,Pulau Silawa,4.562222222,118.6041667,,,,
771,Sabah,Semporna,Pulau Larapan,4.535,118.4919444,,,,
772,Sabah,Semporna,Pulau Penampang,4.513888889,118.4788889,,,,
773,Sabah,Semporna,Pulau Selanga Kecil,4.640555556,118.3472222,,,,
774,Sabah,Semporna,Pulau Pendamit,4.670833333,118.3769444,,,,
775,Sabah,Semporna,Pulau Adal,4.746666667,118.5169444,,,,
776,Sabah,Semporna,Pulau Gatahan,4.761944444,118.4780556,,,,
777,Sabah,Semporna,Pulau Bankawan,4.761388889,118.4866667,,,,
778,Sabah,Semporna,Pulau Bakungan,4.753333333,118.4911111,,,,
779,Sabah,Semporna,Pulau Sibuan,4.651111111,118.6580556,,,,
780,Sabah,Semporna,Pulau Selakan,4.559722222,118.6638889,,,,
781,Sabah,Semporna,Pulau Maiga,4.604722222,118.6872222,,,,
782,Sabah,Semporna,Pulau Tetagan,4.598055556,118.7202778,,,,
783,Sabah,Semporna,Pulau Gaya,4.618333333,118.7363889,,,,
784,Sabah,Semporna,Pulau Bohaydulong,4.599722222,118.7844444,,,,
785,Sabah,Semporna,Pulau Mantabuan,4.635,118.7927778,,,,
786,Sabah,Semporna,Pulau Nusa Kuya,4.482222222,118.7163889,,,,
787,Sabah,Semporna,Pulau Bum Bum,4.474166667,118.6602778,,,,
788,Sabah,Semporna,Pulau Sipanggau,4.370277778,118.6008333,,,,
789,Sabah,Semporna,Pulau Nusa Tengah,4.358611111,118.5897222,,,,
790,Sabah,Semporna,Pulau Menampilik,4.341944444,118.5672222,,,,
791,Sabah,Semporna,Pulau Karindingan,4.3875,118.6566667,,,,
792,Sabah,Semporna,Pulau Omadal,4.423888889,118.7613889,,,,
793,Sabah,Semporna,Pulau Gusungan,4.315,118.5463889,,,,
794,Sabah,Semporna,Pulau Bangau-Bangau,4.498055556,118.5988889,,,,
795,Sabah,Semporna,Pulau Sisipan,4.486944444,118.6919444,,,,
796,Sabah,Semporna,Pulau Pom-Pom,4.596111111,118.8644444,,,,
797,Sabah,Semporna,Pulau Kapale,4.579166667,118.9161111,,,,
798,Sabah,Semporna,Pulau Timba-Timba,4.554444444,118.9227778,,,,
799,Sabah,Semporna,Pulau Kulapuan,4.527777778,118.8483333,,,,
800,Sabah,Semporna,Pulau Bohayen,4.47,118.9338889,,,,
801,Sabah,Semporna,Pulau Mataking,4.576111111,118.9491667,,,,
802,Sabah,Semporna,Pulau Mataking Kechil,4.59,118.9455556,,,,
803,Sabah,Semporna,Pulau Mabul,4.246111111,118.6316667,,,,
804,Sabah,Semporna,Pulau Sipadan,4.115277778,118.6286111,,,,
805,Sabah,Semporna,Pulau Danawan,4.308055556,118.8577778,,,,
806,Sabah,Semporna,Pulau Si Amil,4.313611111,118.8719444,,,,
807,Sabah,Semporna,Pulau Ligitan,4.165277778,118.8811111,,,,
808,Sabah,Semporna,Pulau Selingun,4.317222222,118.4555556,,,,
809,Sabah,Semporna,Pulau Selanga,4.643055556,118.3308333,,,,
810,Sabah,Semporna,Pulau Selanga Kecil,4.640555556,118.3472222,,,,
811,Sabah,Semporna,Pulau Pendamit,4.628055556,118.4266667,,,,
812,Sabah,Semporna,Pulau Mapat,4.6075,118.5336111,,,,
813,Sabah,Semporna,Pulau Jati Kecil,4.609722222,118.5363889,,,,
814,Sabah,Semporna,Pulau Sirongol Kecil,4.602777778,118.5625,,,,
815,Sabah,Semporna,Pulau Sirongol,4.600833333,118.5647222,,,,
816,Sabah,Semporna,Pulau Bakaru,4.516111111,118.5852778,,,,
817,Sabah,Semporna,Pulau Tabu-Tabu,4.513611111,118.5905556,,,,
818,Sabah,Semporna,Pulau Melanta Kecil,4.5675,118.5691667,,,,
819,Sabah,Semporna,Pulau Melanta,4.565277778,118.5658333,,,,
820,Sabah,Semporna,Pulau Limau-Limau,4.56,118.5588889,,,,
821,Sabah,Semporna,Pulau Samal-Samal Kecil,4.4625,118.6369444,,,,
822,Sabah,Semporna,Pulau Samal-Samal Besar,4.463055556,118.6361111,,,,
823,Sabah,Semporna,Pulau Sisipan Kecil,4.491388889,118.6736111,,,,
824,Sabah,Semporna,Pulau Sisipan Kecil Dua,4.491666667,118.6761111,,,,
825,Sabah,Semporna,Pulau Sisipan Besar,4.494444444,118.6763889,,,,
826,Sabah,Semporna,Pulau Sisipan Besar Dua,4.493888889,118.6791667,,,,
827,Sabah,Semporna,Pulau Sisipan Kecil Tiga,4.490277778,118.6830556,,,,
828,Sabah,Semporna,Pulau Nusalalong,4.488055556,118.6844444,,,,
829,Sabah,Semporna,Pulau Timbun Mata,4.633333333,118.4666667,,,,
830,Sabah,Semporna,Pulau Kapalai,4.217450422,118.7014369,,,,
831,Sabah,Semporna,Pulau Lihak Lihak,4.580503482,118.4655302,,,,
832,Sabah,Semporna,Pulau Daisy,4.474264081,118.6274036,,,,
833,Sabah,Semporna,Pulau Sisipan Kecil Empat,4.487162253,118.6867079,,,,
834,Sabah,Semporna,Pulau Sebangkat,4.559722222,118.6638889,,,,
835,Sabah,Semporna,Pulau Simunul,4.473195815,118.6209606,,,,
836,Sabah,Semporna,Pulau Melanta Dua,4.562777778,118.5625,,,,
837,Sabah,Semporna,Pulau Sedam,4.193333333,117.6355556,,,,
838,Sabah,Tawau,Pulau Simandalan,4.260555556,117.6341667,,,,
839,Sabah,Tawau,Pulau Bingkulan,4.421666667,117.6625,,,,
840,Sabah,Tawau,Pulau Sedam Kecil,4.194722222,117.6283333,,,,
841,Sabah,Tawau,Pulau Kalamuning,4.220277778,117.5258333,,,,
842,Sabah,Tawau,Pulau Simandalan,4.277222222,117.6055556,,,,
843,Sabah,Tawau,Pulau Marumar,4.309166667,117.6286111,,,,
844,Sabah,Tawau,Pulau Mar Pigan,4.346388889,117.6219444,,,,
845,Sabah,Tawau,Pulau Kapal Kecil,4.355555556,117.6022222,,,,
846,Sabah,Tawau,Pulau Brantian,4.403055556,117.5958333,,,,
847,Sabah,Tawau,Pulau Sipaku,4.411388889,117.6088889,,,,
848,Sabah,Tawau,Pulau Mapun,4.410555556,117.65,,,,
849,Sabah,Tawau,Pulau Tamba,4.173692199,117.6073782,,,,
850,Sabah,Tawau,Pulau Sino Solan,4.201947978,117.5585112,,,,
851,Sabah,Tawau,Pulau Sebatik,4.210813255,117.7365571,,,,
852,Sabah,Tawau,Pulau Sipaku Kecil,4.397134205,117.6308491,,,,
853,Sabah,Tawau,Tanjung Terasi,4.411009057,117.6373629,,,,
854,Sabah,Tawau,Pulau Kalumpang,4.331111111,118.3433333,,,,
855,Sabah,Pitas,Pulau Lok Barukang,6.790277778,117.2527778,,,,
856,Sabah,Pitas,Pulau Mausar Hujung,6.815555556,117.2638889,,,,
857,Sabah,Pitas,Pulau Lingisan,6.673333333,117.2811111,,,,
858,Sabah,Pitas,Pulau Lingkutan,6.646666667,117.2927778,,,,
859,Sabah,Pitas,Pulau Gusung Malanta,6.824722222,117.0230556,,,,
860,Sabah,Pitas,Pulau Tangah,6.83,117.0291667,,,,
861,Sabah,Pitas,Pulau Sunsuban,6.663459765,117.2914367,,,,
862,Sabah,Pitas,Pulau Boboli Asibi,6.662268794,117.28762,,,,
863,Sabah,Pitas,Pulau Dalima,6.657378457,117.2869683,,,,
864,Sabah,Pitas,Pulau Sipindung,6.86438328,117.557031,,,,
865,Sabah,Pitas,Pulau Lingkuton,6.645588735,117.281425,,,,
866,Sabah,Pitas,Pulau Sinamgil Kecil,6.790277778,117.2527778,,,,
867,Sabah,Putatan,Pulau Meruntum,5.873562117,116.0474126,,,,
868,Sabah,Kinabatangan,Pulau Segama Kecil,5.464253872,118.8009772,,,,
869,Sabah,Kinabatangan,Pulau Segama Besar,5.454884452,118.8004781,,,,
870,Sabah,Kinabatangan,Pulau Segama,5.244444444,119.2658333,,,,
871,Sabah,Penampang,Pulau Meruntum,5.8725,116.0413889,,,,
